Red,Green,Blue
126.91523666570218,136.12706874517752,69.18441659432868
