Red,Green,Blue
127.0448265094531,146.93674611786145,8.429654224537053
