Red,Green,Blue
127.01277235243033,136.15085503472218,69.24695203993049
