Red,Green,Blue
128.38868539123678,174.803458259101,105.45195613545832
