Red,Green,Blue
124.91780550732999,147.07304313753906,0.0023099922839506185
