Red,Green,Blue
126.19259030189036,149.32660927854997,8.198302469135804e-06
