ASM 0,ASM 45,ASM 90,ASM 135,Contrast 0,Contrast 45,Contrast 90,Contrast 135,Correlation 0,Correlation 45,Correlation 90,Correlation 135,IDM 0,IDM 45,IDM 90,IDM 135,Entropy 0,Entropy 45,Entropy 90,Entropy 135
0.02014,0.01467,0.01979,0.01474,1.09239,1.85201,1.13718,1.86101,0.98797,0.97961,0.98748,0.97951,0.76734,0.6783,0.76233,0.67956,0.24485,0.27526,0.2444,0.27839
