Red,Green,Blue
123.9328803771223,135.05459056712925,61.529815297068055
