Red,Green,Blue
137.94146214358483,175.5117512161378,88.62433554658988
