Red,Green,Blue
121.92001677079267,178.95612024412375,86.27825483947116
