Red,Green,Blue
125.07922200520845,147.27360243055566,0.5541579861111114
