Red,Green,Blue
137.52863281250012,174.9902750651043,88.31037760416662
