Red,Green,Blue
127.92663574218766,174.25131429036455,104.93657307942718
