Red,Green,Blue
128.54215185099022,169.0020150948833,108.66463088206562
