FileName,Red,Green,Blue
static/uploads/0500.jpg,123.15243043499201,130.19852997202966,95.2485196035875
